iter,f1_macro,f1_micro
0,0.75982,0.76622
50,0.77483,0.78022
100,0.78329,0.78801
150,0.78995,0.79408
200,0.79513,0.79881
250,0.79929,0.80266
