iter,f1_macro,f1_micro
0,0.55517,0.6344
50,0.55349,0.63182
100,0.55188,0.6293
